N;MS;MS%;E;E%;ET;RT;DT
32;5;15.625;8;25;50;25;62.5
64;6;9.375;16;25;50;31.25;62.5
128;7;5.46875;32;25;50;31.25;65.625
256;8;3.125;64;25;50;32.8125;65.625
512;9;1.7578125;128;25;50;32.8125;65.625
